{"IcoMoonType":"selection","icons":[{"icon":{"paths":["M804.571 566.857v274.286c0 20-16.571 36.571-36.571 36.571h-219.429v-219.429h-146.286v219.429h-219.429c-20 0-36.571-16.571-36.571-36.571v-274.286c0-1.143 0.571-2.286 0.571-3.429l328.571-270.857 328.571 270.857c0.571 1.143 0.571 2.286 0.571 3.429zM932 527.429l-35.429 42.286c-2.857 3.429-7.429 5.714-12 6.286h-1.714c-4.571 0-8.571-1.143-12-4l-395.429-329.714-395.429 329.714c-4 2.857-8.571 4.571-13.714 4-4.571-0.571-9.143-2.857-12-6.286l-35.429-42.286c-6.286-7.429-5.143-19.429 2.286-25.714l410.857-342.286c24-20 62.857-20 86.857 0l139.429 116.571v-111.429c0-10.286 8-18.286 18.286-18.286h109.714c10.286 0 18.286 8 18.286 18.286v233.143l125.143 104c7.429 6.286 8.571 18.286 2.286 25.714z"],"width":950.8571428571428,"attrs":[],"isMulticolor":false,"isMulticolor2":false,"tags":["home"],"defaultCode":61461,"grid":14},"attrs":[],"properties":{"name":"home","id":24,"order":5,"prevSize":28,"code":61461},"setIdx":0,"setId":0,"iconIdx":24},{"icon":{"paths":["M634.857 569.143v-2.286l-13.714-182.857c-0.571-10.286-9.714-18.286-19.429-18.286h-106.286c-9.714 0-18.857 8-19.429 18.286l-13.714 182.857v2.286c-0.571 9.143 8 16 16.571 16h139.429c8.571 0 17.143-6.857 16.571-16zM1068.571 836c0 16.571-4.571 41.714-26.286 41.714h-402.286c9.714 0 17.714-8 17.143-18.286l-11.429-146.286c-0.571-10.286-9.714-18.286-19.429-18.286h-155.429c-9.714 0-18.857 8-19.429 18.286l-11.429 146.286c-0.571 10.286 7.429 18.286 17.143 18.286h-402.286c-21.714 0-26.286-25.143-26.286-41.714 0-22.857 6.286-45.714 14.857-66.286l238.286-596.571c5.714-14.286 21.143-26.857 36.571-26.857h193.714c-9.714 0-18.857 8-19.429 18.286l-8.571 109.714c-0.571 10.286 6.857 18.286 17.143 18.286h94.857c10.286 0 17.714-8 17.143-18.286l-8.571-109.714c-0.571-10.286-9.714-18.286-19.429-18.286h193.714c15.429 0 30.857 12.571 36.571 26.857l238.286 596.571c8.571 20.571 14.857 43.429 14.857 66.286z"],"width":1097.142857142857,"attrs":[],"isMulticolor":false,"isMulticolor2":false,"tags":["road"],"defaultCode":61464,"grid":14},"attrs":[],"properties":{"name":"road","id":27,"order":3,"prevSize":28,"code":61464},"setIdx":0,"setId":0,"iconIdx":27},{"icon":{"paths":["M731.429 402.286c0-20-16.571-36.571-36.571-36.571-202.286 0-332.571 84.571-464.571 230.286-6.857 7.429-10.857 15.429-10.857 25.714 0 20 16.571 36.571 36.571 36.571 10.286 0 18.286-4 25.714-10.857 28-25.143 53.143-52.571 80.571-78.286 103.429-93.143 192-130.286 332.571-130.286 20 0 36.571-16.571 36.571-36.571zM1024 289.143c0 36.571-4 73.714-11.429 110.286-36.571 177.714-150.857 293.143-309.714 372-77.143 38.857-163.429 61.714-250.286 61.714-54.857 0-111.429-9.143-163.429-26.857-27.429-9.143-82.286-45.143-105.143-45.143-28.571 0-62.857 116.571-112.571 116.571-36 0-46.857-17.714-62.286-44-5.143-9.714-9.143-13.143-9.143-25.143 0-59.429 113.143-105.714 113.143-138.857 0-5.143-14.857-35.429-17.143-46.857-3.429-19.429-5.143-39.429-5.143-59.429 0-181.714 144.571-311.429 306.857-365.143 117.143-38.857 366.286 6.286 445.714-69.143 31.429-29.143 46.857-56 94.857-56 64.571 0 85.714 167.429 85.714 216z"],"width":1024,"attrs":[],"isMulticolor":false,"isMulticolor2":false,"tags":["leaf"],"defaultCode":61548,"grid":14},"attrs":[],"properties":{"name":"leaf","id":103,"order":2,"prevSize":28,"code":61548},"setIdx":0,"setId":0,"iconIdx":103},{"icon":{"paths":["M338.857 512c-59.429 1.714-113.143 27.429-151.429 73.143h-76.571c-57.143 0-110.857-27.429-110.857-90.857 0-46.286-1.714-201.714 70.857-201.714 12 0 71.429 48.571 148.571 48.571 26.286 0 51.429-4.571 76-13.143-1.714 12.571-2.857 25.143-2.857 37.714 0 52 16.571 103.429 46.286 146.286zM950.857 876c0 92.571-61.143 148-152.571 148h-499.429c-91.429 0-152.571-55.429-152.571-148 0-129.143 30.286-327.429 197.714-327.429 19.429 0 90.286 79.429 204.571 79.429s185.143-79.429 204.571-79.429c167.429 0 197.714 198.286 197.714 327.429zM365.714 146.286c0 80.571-65.714 146.286-146.286 146.286s-146.286-65.714-146.286-146.286 65.714-146.286 146.286-146.286 146.286 65.714 146.286 146.286zM768 365.714c0 121.143-98.286 219.429-219.429 219.429s-219.429-98.286-219.429-219.429 98.286-219.429 219.429-219.429 219.429 98.286 219.429 219.429zM1097.143 494.286c0 63.429-53.714 90.857-110.857 90.857h-76.571c-38.286-45.714-92-71.429-151.429-73.143 29.714-42.857 46.286-94.286 46.286-146.286 0-12.571-1.143-25.143-2.857-37.714 24.571 8.571 49.714 13.143 76 13.143 77.143 0 136.571-48.571 148.571-48.571 72.571 0 70.857 155.429 70.857 201.714zM1024 146.286c0 80.571-65.714 146.286-146.286 146.286s-146.286-65.714-146.286-146.286 65.714-146.286 146.286-146.286 146.286 65.714 146.286 146.286z"],"width":1097.142857142857,"attrs":[],"isMulticolor":false,"isMulticolor2":false,"tags":["group","users"],"defaultCode":61632,"grid":14},"attrs":[],"properties":{"name":"group, users","id":169,"order":4,"prevSize":28,"code":61632},"setIdx":0,"setId":0,"iconIdx":169}],"height":1024,"metadata":{"name":"homework-18"},"preferences":{"showGlyphs":true,"showCodes":true,"showQuickUse":true,"showQuickUse2":true,"showSVGs":true,"fontPref":{"prefix":"icon-","metadata":{"fontFamily":"homework-18","majorVersion":1,"minorVersion":0},"metrics":{"emSize":1024,"baseline":6.25,"whitespace":50},"embed":false,"noie8":true,"ie7":false},"imagePref":{"prefix":"icon-","png":true,"useClassSelector":true,"color":0,"bgColor":16777215},"historySize":50}}